displayName,leagueCountry,firstName,lastName,leagueShortname,fullName,leagueName,countryAbbr,shortName,id
Christian Benteke,England,Christian,Benteke,Premier League,Christian Benteke,Barclays Premier League,ENG,C. Benteke,106957
Saido Berahino,England,Saido,Berahino,Premier League,Saido Berahino,Barclays Premier League,ENG,S. Berahino,151276
Ryan Bertrand,England,Ryan,Bertrand,Premier League,Ryan Bertrand,Barclays Premier League,ENG,R. Bertrand,91489
Muhamed Besic,England,Muhamed,Besic,Premier League,Muhamed Besic,Barclays Premier League,ENG,M. Besic,151226
Christian Benteke,England,Christian,Benteke,Premier League,Christian Benteke,Barclays Premier League,ENG,C. Benteke,106957
Saido Berahino,England,Saido,Berahino,Premier League,Saido Berahino,Barclays Premier League,ENG,S. Berahino,151276
Ryan Bertrand,England,Ryan,Bertrand,Premier League,Ryan Bertrand,Barclays Premier League,ENG,R. Bertrand,91489
Muhamed Besic,England,Muhamed,Besic,Premier League,Muhamed Besic,Barclays Premier League,ENG,M. Besic,151226
Paulinho,England,Paulinho,Bezzera Maciel Júnior,Premier League,Paulinho Bezzera Maciel Júnior,Barclays Premier League,ENG,P. Bezzera Maciel Júnior,139718
Mame Biram Diouf,England,Mame,Biram Diouf,Premier League,Mame Biram Diouf,Barclays Premier League,ENG,M. Biram Diouf,143759
Tyler Blackett,England,Tyler,Blackett,Premier League,Tyler Blackett,Barclays Premier League,ENG,T. Blackett,175303
Sebastián Blanco,England,Sebastián,Blanco,Premier League,Sebastián Blanco,Barclays Premier League,ENG,S. Blanco,76914
Daley Blind,England,Daley,Blind,Premier League,Daley Blind,Barclays Premier League,ENG,D. Blind,126489
Hiram Boateng,England,Hiram,Boateng,Premier League,Hiram Boateng,Barclays Premier League,ENG,H. Boateng,181755
Yannick Bolasie,England,Yannick,Bolasie,Premier League,Yannick Bolasie,Barclays Premier League,ENG,Y. Bolasie,121921
Wilfried Bony,England,Wilfried,Bony,Premier League,Wilfried Bony,Barclays Premier League,ENG,W. Bony,153824
Fabio Borini,England,Fabio,Borini,Premier League,Fabio Borini,Barclays Premier League,ENG,F. Borini,140931
Dedryck Boyata,England,Dedryck,Boyata,Premier League,Dedryck Boyata,Barclays Premier League,ENG,D. Boyata,143592
George Boyd,England,George,Boyd,Premier League,George Boyd,Barclays Premier League,ENG,G. Boyd,26378
Robert Brady,England,Robert,Brady,Premier League,Robert Brady,Barclays Premier League,ENG,R. Brady,153310
Liam Bridcutt,England,Liam,Bridcutt,Premier League,Liam Bridcutt,Barclays Premier League,ENG,L. Bridcutt,115967
Leon Britton,England,Leon,Britton,Premier League,Leon Britton,Barclays Premier League,ENG,L. Britton,7957
Brown Ideye,England,Ideye,Brown,Premier League,Ideye Aide Brown,Barclays Premier League,ENG,I. Brown,144527
Wes Brown,England,Wes,Brown,Premier League,Wes Brown,Barclays Premier League,ENG,W. Brown,8866
Tyias Browning,England,Tyias,Browning,Premier League,Tyias Browning,Barclays Premier League,ENG,T. Browning,181393
Alex Bruce,England,Alex,Bruce,Premier League,Alex Bruce,Barclays Premier League,ENG,A. Bruce,43942
Chris Brunt,England,Chris,Brunt,Premier League,Chris Brunt,Barclays Premier League,ENG,C. Brunt,41967
William Buckley,England,William,Buckley,Premier League,William Buckley,Barclays Premier League,ENG,W. Buckley,116070
Reece Burke,England,Reece,Burke,Premier League,Reece Burke,Barclays Premier League,ENG,R. Burke,197924
Jack Butland,England,Jack,Butland,Premier League,Jack Butland,Barclays Premier League,ENG,J. Butland,157933
Wilfredo Caballero,England,Wilfredo,Caballero,Premier League,Wilfredo Caballero,Barclays Premier League,ENG,W. Caballero,34949
Rémy Cabella,England,Rémy,Cabella,Premier League,Rémy Cabella,Barclays Premier League,ENG,R. Cabella,136688
Gary Cahill,England,Gary,Cahill,Premier League,Gary Cahill,Barclays Premier League,ENG,G. Cahill,40509
Esteban Cambiasso,England,Esteban,Cambiasso,Premier League,Esteban Matias Cambiasso,Barclays Premier League,ENG,E. Cambiasso,19084
Geoff Cameron,England,Geoff,Cameron,Premier League,Geoff Cameron,Barclays Premier League,ENG,G. Cameron,118125
Fraizer Campbell,England,Fraizer,Campbell,Premier League,Fraizer Campbell,Barclays Premier League,ENG,F. Campbell,42248
Joel Campbell,England,Joel,Campbell,Premier League,Joel Campbell,Barclays Premier League,ENG,J. Campbell,166669
Emre Can,England,Emre,Can,Premier League,Emre Can,Barclays Premier League,ENG,E. Can,159142
Etienne Capoue,England,Etienne,Capoue,Premier League,Etienne Capoue,Barclays Premier League,ENG,E. Capoue,84892
Michael Carrick,England,Michael,Carrick,Premier League,Michael Carrick,Barclays Premier League,ENG,M. Carrick,7971
Andrew Carroll,England,Andy,Carroll,Premier League,Andy Carroll,Barclays Premier League,ENG,A. Carroll,91478
Thomas Carroll,England,Thomas,Carroll,Premier League,Thomas Carroll,Barclays Premier League,ENG,T. Carroll,155736
Lee Cattermole,England,Lee,Cattermole,Premier League,Lee Cattermole,Barclays Premier League,ENG,L. Cattermole,72918
Steven Caulker,England,Steven,Caulker,Premier League,Steven Caulker,Barclays Premier League,ENG,S. Caulker,132436
Santi Cazorla,England,Santi,Cazorla,Premier League,Santi Gonzalez Cazorla,Barclays Premier League,ENG,S. Cazorla,40202
Cristian Ceballos,England,Cristian,Ceballos,Premier League,Cristian Ceballos,Barclays Premier League,ENG,C. Ceballos,167123
Petr Cech,England,Petr,Cech,Premier League,Petr Cech,Barclays Premier League,ENG,P. Cech,13069
Nacer Chadli,England,Nacer,Chadli,Premier League,Nacer Chadli,Barclays Premier League,ENG,N. Chadli,122633
Nathaniel Chalobah,England,Nathaniel,Chalobah,Premier League,Nathaniel Chalobah,Barclays Premier League,ENG,N. Chalobah,149755
Marouane Chamakh,England,Marouane,Chamakh,Premier League,Marouane Chamakh,Barclays Premier League,ENG,M. Chamakh,84609
Calum Chambers,England,Calum,Chambers,Premier League,Calum Chambers,Barclays Premier League,ENG,C. Chambers,176266
James Chester,England,James,Chester,Premier League,James Chester,Barclays Premier League,ENG,J. Chester,108328
Vlad Chiriches,England,Vlad,Chiriches,Premier League,Vlad Chiriches,Barclays Premier League,ENG,V. Chiriches,164764
Papiss Demba Cisse,England,Papiss Demba,Cisse,Premier League,Papiss Demba Cisse,Barclays Premier League,ENG,P. Cisse,101423
Gaël Clichy,England,Gaël,Clichy,Premier League,Gaël Clichy,Barclays Premier League,ENG,G. Clichy,35099
Nathaniel Clyne,England,Nathaniel,Clyne,Premier League,Nathaniel Clyne,Barclays Premier League,ENG,N. Clyne,127865
Sebastián Coates,England,Sebastián,Coates,Premier League,Sebastián Coates,Barclays Premier League,ENG,S. Coates,145450
Jack Colback,England,Jack,Colback,Premier League,Jack Colback,Barclays Premier League,ENG,J. Colback,123697
Carlton Cole,England,Carlton,Cole,Premier League,Carlton Cole,Barclays Premier League,ENG,C. Cole,20544
Joe Cole,England,Joe,Cole,Premier League,Joe Cole,Barclays Premier League,ENG,J. Cole,7976
Seamus Coleman,England,Seamus,Coleman,Premier League,Seamus Coleman,Barclays Premier League,ENG,S. Coleman,131639
James Collins,England,James,Collins,Premier League,James Collins,Barclays Premier League,ENG,J. Collins,5527
Fabricio Coloccini,England,Fabricio,Coloccini,Premier League,Fabricio Coloccini,Barclays Premier League,ENG,F. Coloccini,12265
Francis Coquelin,England,Francis,Coquelin,Premier League,Francis Coquelin,Barclays Premier League,ENG,F. Coquelin,121406
Jack  Cork,England,Jack,Cork,Premier League,Jack  Cork,Barclays Premier League,ENG,J. Cork,91481
Thibaut Courtois,England,Thibaut,Courtois,Premier League,Thibaut Courtois,Barclays Premier League,ENG,T. Courtois,134283
Philippe Coutinho,England,Philippe,Coutinho,Premier League,Philippe Coutinho,Barclays Premier League,ENG,P. Coutinho,130372
Aaron Cresswell,England,Aaron,Cresswell,Premier League,Aaron Cresswell,Barclays Premier League,ENG,A. Cresswell,121473
Peter Crouch,England,Peter,Crouch,Premier League,Peter Crouch,Barclays Premier League,ENG,P. Crouch,5388
Rafael,England,Rafael,Da Silva,Premier League,Rafael Da Silva,Barclays Premier League,ENG,R. Da Silva,25409
Willian,England,Willian,Da Silva,Premier League,Willian Borges Da Silva,Barclays Premier League,ENG,W. Da Silva,178487
Diego Costa,England,Diego,da Silva Costa,Premier League,Diego da Silva Costa,Barclays Premier League,ENG,D. da Silva Costa,95410
Donervon Daniels,England,Donervon,Daniels,Premier League,Donervon Daniels,Barclays Premier League,ENG,D. Daniels,186039
Luke Daniels,England,Luke,Daniels,Premier League,Luke Daniels,Barclays Premier League,ENG,L. Daniels,82889
Scott Dann,England,Scott,Dann,Premier League,Scott Dann,Barclays Premier League,ENG,S. Dann,43493
Jason Davidson,England,Jason,Davidson,Premier League,Jason Davidson,Barclays Premier League,ENG,J. Davidson,143791
Ben Davies,England,Ben,Davies,Premier League,Ben Davies,Barclays Premier League,ENG,B. Davies,6327
Curtis Davies,England,Curtis,Davies,Premier League,Curtis Davies,Barclays Premier League,ENG,C. Davies,39488
Kelvin Davis,England,Kelvin,Davis,Premier League,Kelvin Davis,Barclays Premier League,ENG,K. Davis,5278
Steven Davis,England,Steven,Davis,Premier League,Steven Davis,Barclays Premier League,ENG,S. Davis,161788
Craig Dawson,England,Craig,Dawson,Premier League,Craig Dawson,Barclays Premier League,ENG,C. Dawson,133938
Michael Dawson,England,Michael,Dawson,Premier League,Michael Dawson,Barclays Premier League,ENG,M. Dawson,19812
David De Gea,England,David,De Gea,Premier League,David Quintana De Gea,Barclays Premier League,ENG,D. De Gea,108482
Siem De Jong,England,Siem,De Jong,Premier League,Siem De Jong,Barclays Premier League,ENG,S. De Jong,110066
Ritchie De Laet,England,Ritchie,De Laet,Premier League,Ritchie De Laet,Barclays Premier League,ENG,R. De Laet,107452
Mathieu Debuchy,England,Mathieu,Debuchy,Premier League,Mathieu Debuchy,Barclays Premier League,ENG,M. Debuchy,69458
Damien Delaney,England,Damien,Delaney,Premier League,Damien Delaney,Barclays Premier League,ENG,D. Delaney,7875
Fabian Delph,England,Fabian,Delph,Premier League,Fabian Delph,Barclays Premier League,ENG,F. Delph,98926
Mousa Dembélé,England,Mousa,Dembélé,Premier League,Mousa Dembélé,Barclays Premier League,ENG,M. Dembélé,67490
Guy Demel,England,Guy,Demel,Premier League,Guy Demel,Barclays Premier League,ENG,G. Demel,84798
Martín Demichelis,England,Martín,Demichelis,Premier League,Martín Demichelis,Barclays Premier League,ENG,M. Demichelis,33885
Ángel Di María,England,Ángel,Di María,Premier League,Ángel Di María,Barclays Premier League,ENG,Á. Di María,108223
Mohamed Diame,England,Mohamed,Diame,Premier League,Mohamed Diame,Barclays Premier League,ENG,M. Diame,86233
Eric Dier,England,Eric,Dier,Premier League,Eric Dier,Barclays Premier League,ENG,E. Dier,155532
Sylvain Distin,England,Sylvain,Distin,Premier League,Sylvain Distin,Barclays Premier League,ENG,S. Distin,10438
Graham Dorrans,England,Graham,Dorrans,Premier League,Graham Dorrans,Barclays Premier League,ENG,G. Dorrans,61892
Oscar,England,Oscar,dos Santos Emboaba Júnior,Premier League,Oscar dos Santos Emboaba Júnior,Barclays Premier League,ENG,O. dos Santos Emboaba Júnior,173667
Stewart Downing,England,Stewart,Downing,Premier League,Stewart Downing,Barclays Premier League,ENG,S. Downing,21187
Kevin Doyle,England,Kevin,Doyle,Premier League,Kevin Doyle,Barclays Premier League,ENG,K. Doyle,33534
Daniel Drinkwater,England,Daniel,Drinkwater,Premier League,Daniel Drinkwater,Barclays Premier League,ENG,D. Drinkwater,135376
Didier Drogba,England,Didier,Drogba,Premier League,Didier Drogba,Barclays Premier League,ENG,D. Drogba,18727
Mike Duff,England,Mike,Duff,Premier League,Mike Duff,Barclays Premier League,ENG,M. Duff,182403
Paul Dummett,England,Paul,Dummett,Premier League,Paul Dummett,Barclays Premier League,ENG,P. Dummett,167118
Cameron Dummigan,England,Cameron,Dummigan,Premier League,Cameron Dummigan,Barclays Premier League,ENG,C. Dummigan,196795
Mike Duff,England,Mike,Duff,Premier League,Mike Duff,Barclays Premier League,ENG,M. Duff,182403
Paul Dummett,England,Paul,Dummett,Premier League,Paul Dummett,Barclays Premier League,ENG,P. Dummett,167118
Cameron Dummigan,England,Cameron,Dummigan,Premier League,Cameron Dummigan,Barclays Premier League,ENG,C. Dummigan,196795
Richard Dunne,England,Richard,Dunne,Premier League,Richard Dunne,Barclays Premier League,ENG,R. Dunne,8210
Nathan Dyer,England,Nathan,Dyer,Premier League,Nathan Dyer,Barclays Premier League,ENG,N. Dyer,67796
Edin Dzeko,England,Edin,Dzeko,Premier League,Edin Dzeko,Barclays Premier League,ENG,E. Dzeko,102337
Karim El Ahmadi,England,Karim,El Ahmadi,Premier League,Karim El Ahmadi,Barclays Premier League,ENG,K. El Ahmadi,42176
Robert Elliot,England,Robert,Elliot,Premier League,Robert Elliot,Barclays Premier League,ENG,R. Elliot,47039
Ahmed Elmohamady,England,Ahmed,Elmohamady,Premier League,Ahmed Elmohamady,Barclays Premier League,ENG,A. Elmohamady,145468
Marvin Emnes,England,Marvin,Emnes,Premier League,Marvin Emnes,Barclays Premier League,ENG,M. Emnes,73201
Christian Eriksen,England,Christian,Eriksen,Premier League,Christian Eriksen,Barclays Premier League,ENG,C. Eriksen,144130
Jose Angel Esmoris Tasende,England,Jose Angel,Esmoris Tasende,Premier League,Jose Angel Esmoris Tasende,Barclays Premier League,ENG,J. Esmoris Tasende,214319
Samuel Eto'o,England,Samuel,Eto'o,Premier League,Samuel Eto'o,Barclays Premier League,ENG,S. Eto'o,11718
Jonathan Evans,England,Jonny,Evans,Premier League,Jonathan Evans,Barclays Premier League,ENG,J. Evans,83176
Lukasz Fabianski,England,Lukasz,Fabianski,Premier League,Lukasz Fabianski,Barclays Premier League,ENG,L. Fabianski,77403
Radamel Falcao,England,Radamel,Falcao Garcia,Premier League,Radamel Zarate Falcao Garcia,Barclays Premier League,ENG,R. Falcao Garcia,87706
Alejandro Damian Faurlin,England,Alejandro Damian,Faurlin,Premier League,Alejandro Damian Faurlin,Barclays Premier League,ENG,A. Faurlin,87709
Federico Fazio,England,Federico,Fazio,Premier League,Federico Fazio,Barclays Premier League,ENG,F. Fazio,97425
Marouane Fellaini,England,Marouane,Fellaini,Premier League,Marouane Fellaini,Barclays Premier League,ENG,M. Fellaini,84535
Leroy Fer,England,Leroy,Fer,Premier League,Leroy Fer,Barclays Premier League,ENG,L. Fer,113083
Rio Ferdinand,England,Rio,Ferdinand,Premier League,Rio Ferdinand,Barclays Premier League,ENG,R. Ferdinand,7825
Suso,England,Jesus,Fernandez Saez,Premier League,Jesus Fernandez Saez,Barclays Premier League,ENG,J. Fernandez Saez,164800
Federico Fernández,England,Federico,Fernández,Premier League,Federico Fernández,Barclays Premier League,ENG,F. Fernández,118287
Facundo Ferreyra,England,Facundo,Ferreyra,Premier League,Facundo Ferreyra,Barclays Premier League,ENG,F. Ferreyra,51848
Maynor Figueroa,England,Maynor,Figueroa,Premier League,Maynor Figueroa,Barclays Premier League,ENG,M. Figueroa,93156
Mathieu Flamini,England,Mathieu,Flamini,Premier League,Mathieu Flamini,Barclays Premier League,ENG,M. Flamini,40501
Darren Fletcher,England,Darren,Fletcher,Premier League,Darren Fletcher,Barclays Premier League,ENG,D. Fletcher,8871
Steven Fletcher,England,Steven,Fletcher,Premier League,Steven Fletcher,Barclays Premier League,ENG,S. Fletcher,42189
Jose Fonte,England,Jose,Fonte,Premier League,Jose Fonte,Barclays Premier League,ENG,J. Fonte,104172
Fraser Forster,England,Fraser,Forster,Premier League,Fraser Forster,Barclays Premier League,ENG,F. Forster,93193
Ben Foster,England,Ben,Foster,Premier League,Ben Foster,Barclays Premier League,ENG,B. Foster,22777
Brad Friedel,England,Brad,Friedel,Premier League,Brad Friedel,Barclays Premier League,ENG,B. Friedel,7777
Ezekiel Fryers,England,Ezekiel,Fryers,Premier League,Ezekiel Fryers,Barclays Premier League,ENG,E. Fryers,167113
Jay Fulton,England,Jay,Fulton,Premier League,Jay Fulton,Barclays Premier League,ENG,J. Fulton,150603
Cesc Fàbregas,England,Cesc,Fàbregas,Premier League,Cesc Fàbregas,Barclays Premier League,ENG,C. Fàbregas,38886
Cristian Gamboa,England,Cristian,Gamboa,Premier League,Cristian Gamboa,Barclays Premier League,ENG,C. Gamboa,141429
Luke Garbutt,England,Luke,Garbutt,Premier League,Luke Garbutt,Barclays Premier League,ENG,L. Garbutt,143535
Craig Gardner,England,Craig,Gardner,Premier League,Craig Gardner,Barclays Premier League,ENG,C. Gardner,73339
Florin Gardos,England,Florin,Gardos,Premier League,Florin Gardos,Barclays Premier League,ENG,F. Gardos,152426
Dwight Gayle,England,Dwight,Gayle,Premier League,Dwight Gayle,Barclays Premier League,ENG,D. Gayle,168992
Steven Gerrard,England,Steven,Gerrard,Premier League,Steven Gerrard,Barclays Premier League,ENG,S. Gerrard,7935
Emanuele Giaccherini,England,Emanuele,Giaccherini,Premier League,Emanuele Giaccherini,Barclays Premier League,ENG,E. Giaccherini,134438
Kieran Gibbs,England,Kieran,Gibbs,Premier League,Kieran Gibbs,Barclays Premier League,ENG,K. Gibbs,99500
Darron Gibson,England,Darron,Gibson,Premier League,Darron Gibson,Barclays Premier League,ENG,D. Gibson,71653
Matthew Gilks,England,Matthew,Gilks,Premier League,Matthew Gilks,Barclays Premier League,ENG,M. Gilks,6516
Olivier Giroud,England,Olivier,Giroud,Premier League,Olivier Giroud,Barclays Premier League,ENG,O. Giroud,88965
Shay Given,England,Shay,Given,Premier League,Shay Given,Barclays Premier League,ENG,S. Given,8944
Bafetimbi Gomis,England,Bafetimbi,Gomis,Premier League,Bafetimbi Gomis,Barclays Premier League,ENG,B. Gomis,84940
Varela,England,Varela,Gonçalves Varela,Premier League,Varela Manuel Goncalves Gonçalves Varela,Barclays Premier League,ENG,V. Gonçalves Varela,103023
Yoan Gouffran,England,Yoan,Gouffran,Premier League,Yoan Gouffran,Barclays Premier League,ENG,Y. Gouffran,101379
Danny Graham,England,Danny,Graham,Premier League,Danny Graham,Barclays Premier League,ENG,D. Graham,159274
Jack Grealish,England,Jack,Grealish,Premier League,Jack Grealish,Barclays Premier League,ENG,J. Grealish,172850
Robert Green,England,Robert,Green,Premier League,Robert Green,Barclays Premier League,ENG,R. Green,5112
Adlene Guedioura,England,Adlene,Guedioura,Premier League,Adlène Guédioura,Barclays Premier League,ENG,A. Guedioura,144515
Sandro,England,Sandro,Guimarães Cordeiro,Premier League,Sandro Ranieri Guimarães Cordeiro,Barclays Premier League,ENG,S. Guimarães Cordeiro,147337
Brad Guzan,England,Brad,Guzan,Premier League,Brad Guzan,Barclays Premier League,ENG,B. Guzan,56935
Jordi Gómez,England,Jordi,Gómez García-Penche,Premier League,Jordi Gómez García-Penche,Barclays Premier League,ENG,J. Gómez García-Penche,117833
Massadio Haidara,England,Massadio,Haidara,Premier League,Massadio Haidara,Barclays Premier League,ENG,M. Haidara,154532
Ben Hamer,England,Ben,Hamer,Premier League,Ben Hamer,Barclays Premier League,ENG,B. Hamer,83011
Dean Hammond,England,Dean,Hammond,Premier League,Dean Hammond,Barclays Premier League,ENG,D. Hammond,5496
Brede Hangeland,England,Brede,Hangeland,Premier League,Brede Hangeland,Barclays Premier League,ENG,B. Hangeland,13269
Steve Harper,England,Steve,Harper,Premier League,Steve Harper,Barclays Premier League,ENG,S. Harper,8948
Joe Hart,England,Joe,Hart,Premier League,Joe Hart,Barclays Premier League,ENG,J. Hart,30462
Eden Hazard,England,Eden,Hazard,Premier League,Eden Hazard,Barclays Premier League,ENG,E. Hazard,101390
Tom Heaton,England,Tom,Heaton,Premier League,Tom Heaton,Barclays Premier League,ENG,T. Heaton,42250
Jordan Henderson,England,Jordan,Henderson,Premier League,Jordan Henderson,Barclays Premier League,ENG,J. Henderson,127262
Wayne Hennessey,England,Wayne,Hennessey,Premier League,Wayne Hennessey,Barclays Premier League,ENG,W. Hennessey,83526
Karl Henry,England,Karl,Henry,Premier League,Karl Henry,Barclays Premier League,ENG,K. Henry,5814
Chris Herd,England,Chris,Herd,Premier League,Chris Herd,Barclays Premier League,ENG,C. Herd,113837
Abel Hernández,England,Abel,Hernández,Premier League,Abel Hernández,Barclays Premier League,ENG,A. Hernández,131430
Javier Hernández,England,Javier,Hernández,Premier League,Javier Hernández,Barclays Premier League,ENG,J. Hernández,146419
Ander Herrera,England,Ander,Herrera Aguera,Premier League,Ander Herrera Aguera,Barclays Premier League,ENG,A. Herrera Aguera,131481
Steven Hewitt,England,Steven,Hewitt,Premier League,Steven Hewitt,Barclays Premier League,ENG,S. Hewitt,165536
Tony Hibbert,England,Tony,Hibbert,Premier League,Tony Hibbert,Barclays Premier League,ENG,T. Hibbert,7732
Clint Hill,England,Clint,Hill,Premier League,Clint Hill,Barclays Premier League,ENG,C. Hill,5906
David Hoilett,England,David,Hoilett,Premier League,David Hoilett,Barclays Premier League,ENG,D. Hoilett,116662
Lewis Holtby,England,Lewis,Holtby,Premier League,Lewis Holtby,Barclays Premier League,ENG,L. Holtby,122289
Jos Hooiveld,England,Jos,Hooiveld,Premier League,Jos Hooiveld,Barclays Premier League,ENG,J. Hooiveld,31806
Tom Hopper,England,Tom,Hopper,Premier League,Tom Hopper,Barclays Premier League,ENG,T. Hopper,170551
Tim Howard,England,Tim,Howard,Premier League,Tim Howard,Barclays Premier League,ENG,T. Howard,34158
Tom Huddlestone,England,Tom,Huddlestone,Premier League,Tom Huddlestone,Barclays Premier League,ENG,T. Huddlestone,26412
Robert Huth,England,Robert,Huth,Premier League,Robert Huth,Barclays Premier League,ENG,R. Huth,18891
Alan Hutton,England,Alan,Hutton,Premier League,Alan Hutton,Barclays Premier League,ENG,A. Hutton,27736
Jordan Ibe,England,Jordan,Ibe,Premier League,Jordan Ibe,Barclays Premier League,ENG,J. Ibe,164646
Thomas Ince,England,Thomas,Ince,Premier League,Thomas Ince,Barclays Premier League,ENG,T. Ince,150012
Danny Ings,England,Danny,Ings,Premier League,Danny Ings,Barclays Premier League,ENG,D. Ings,141706
Stephen Ireland,England,Stephen,Ireland,Premier League,Stephen Ireland,Barclays Premier League,ENG,S. Ireland,46525
Lloyd Isgrove,England,Lloyd,Isgrove,Premier League,Lloyd Isgrove,Barclays Premier League,ENG,L. Isgrove,180167
Mauricio Isla,England,Mauricio,Isla,Premier League,Mauricio Isla,Barclays Premier League,ENG,M. Isla,113574
Branislav Ivanovic,England,Branislav,Ivanovic,Premier League,Branislav Ivanovic,Barclays Premier League,ENG,B. Ivanovic,83519
Jussi Jaaskelainen,England,Jussi,Jaaskelainen,Premier League,Jussi Jaaskelainen,Barclays Premier League,ENG,J. Jaaskelainen,7908
Phil Jagielka,England,Phil,Jagielka,Premier League,Phil Jagielka,Barclays Premier League,ENG,P. Jagielka,4745
Eldin Jakupovic,England,Eldin,Jakupovic,Premier League,Eldin Jakupovic,Barclays Premier League,ENG,E. Jakupovic,69318
Matthew James,England,Matthew,James,Premier League,Matthew James,Barclays Premier League,ENG,M. James,135430
Reece James,England,Reece,James,Premier League,Reece James,Barclays Premier League,ENG,R. James,189007
Daryl Janmaat,England,Daryl,Janmaat,Premier League,Daryl Janmaat,Barclays Premier League,ENG,D. Janmaat,125285
Adnan Januzaj,England,Adnan,Januzaj,Premier League,Adnan Januzaj,Barclays Premier League,ENG,A. Januzaj,186432
Matthew Jarvis,England,Matthew,Jarvis,Premier League,Matthew Jarvis,Barclays Premier League,ENG,M. Jarvis,39484
Mile Jedinak,England,Mile,Jedinak,Premier League,Mile Jedinak,Barclays Premier League,ENG,M. Jedinak,85979
Nikica Jelavic,England,Nikica,Jelavic,Premier League,Nikica Jelavic,Barclays Premier League,ENG,N. Jelavic,39511
Carl Jenkinson,England,Carl,Jenkinson,Premier League,Carl Jenkinson,Barclays Premier League,ENG,C. Jenkinson,150844
Adam Johnson,England,Adam,Johnson,Premier League,Adam Johnson,Barclays Premier League,ENG,A. Johnson,55814
Andrew Johnson,England,Andrew,Johnson,Premier League,Andrew Johnson,Barclays Premier League,ENG,A. Johnson,5317
Glen Johnson,England,Glen,Johnson,Premier League,Glen Johnson,Barclays Premier League,ENG,G. Johnson,23650
Billy Jones,England,Billy,Jones,Premier League,Billy Jones,Barclays Premier League,ENG,B. Jones,38871
Brad Jones,England,Brad,Jones,Premier League,Brad Jones,Barclays Premier League,ENG,B. Jones,46050
David Jones,England,David,Jones,Premier League,David Frank Llwyd Jones,Barclays Premier League,ENG,D. Jones,86616
Phil Jones,England,Phil,Jones,Premier League,Phil Jones,Barclays Premier League,ENG,P. Jones,140032
Stevan Jovetic,England,Stevan,Jovetic,Premier League,Stevan Jovetic,Barclays Premier League,ENG,S. Jovetic,119612
Lucas Jutkiewicz,England,Lucas,Jutkiewicz,Premier League,Lucas Jutkiewicz,Barclays Premier League,ENG,L. Jutkiewicz,184797
Younes Kaboul,England,Younes,Kaboul,Premier League,Younes Kaboul,Barclays Premier League,ENG,Y. Kaboul,42191
Shinji Kagawa,England,Shinji,Kagawa,Premier League,Shinji Kagawa,Barclays Premier League,ENG,S. Kagawa,102139
Harry Kane,England,Harry,Kane,Premier League,Harry Kane,Barclays Premier League,ENG,H. Kane,142200
Filipe Luis,England,Filipe,Kasmirski,Premier League,Filipe Luis Kasmirski,Barclays Premier League,ENG,F. Kasmirski,52994
Michael Keane,England,Michael,Keane,Premier League,Michael Keane,Barclays Premier League,ENG,M. Keane,4946
William Keane,England,William,Keane,Premier League,William Keane,Barclays Premier League,ENG,W. Keane,153743
Martin Kelly,England,Martin,Kelly,Premier League,Martin Kelly,Barclays Premier League,ENG,M. Kelly,123515
Michael Kightly,England,Michael,Kightly,Premier League,Michael Kightly,Barclays Premier League,ENG,M. Kightly,27834
Andy King,England,Andy,King,Premier League,Andy King,Barclays Premier League,ENG,A. King,111350
Aleksandar Kolarov,England,Aleksandar,Kolarov,Premier League,Aleksandar Kolarov,Barclays Premier League,ENG,A. Kolarov,103939
Vincent Kompany,England,Vincent,Kompany,Premier League,Vincent Kompany,Barclays Premier League,ENG,V. Kompany,72935
Paul Konchesky,England,Paul,Konchesky,Premier League,Paul Konchesky,Barclays Premier League,ENG,P. Konchesky,7686
Anthony Konckaert,England,Anthony,Konckaert,Premier League,Anthony Konckaert,Barclays Premier League,ENG,A. Konckaert,164367
Laurent Koscielny,England,Laurent,Koscielny,Premier League,Laurent Koscielny,Barclays Premier League,ENG,L. Koscielny,88970
Cheikhou Kouyaté,England,Cheikhou,Kouyaté,Premier League,Cheikhou Kouyaté,Barclays Premier League,ENG,C. Kouyaté,154027
Niko Kranjcar,England,Niko,Kranjcar,Premier League,Niko Kranjcar,Barclays Premier League,ENG,N. Kranjcar,26740
Bojan Krkic,England,Bojan,Krkic,Premier League,Bojan Krkic,Barclays Premier League,ENG,B. Krkic,92802
Tim Krul,England,Tim,Krul,Premier League,Tim Krul,Barclays Premier League,ENG,T. Krul,85285
Daniel Lafferty,England,Daniel,Lafferty,Premier League,Daniel Lafferty,Barclays Premier League,ENG,D. Lafferty,144471
Adam Lallana,England,Adam,Lallana,Premier League,Adam Lallana,Barclays Premier League,ENG,A. Lallana,85472
Rickie Lambert,England,Rickie,Lambert,Premier League,Rickie Lambert,Barclays Premier League,ENG,R. Lambert,174560
Erik Lamela,England,Erik,Lamela,Premier League,Erik Lamela,Barclays Premier League,ENG,E. Lamela,130870
Frank Lampard,England,Frank,Lampard,Premier League,Frank Lampard,Barclays Premier League,ENG,F. Lampard,8941
Sebastian Larsson,England,Sebastian,Larsson,Premier League,Sebastian Larsson,Barclays Premier League,ENG,S. Larsson,42772
Joe Ledley,England,Joe,Ledley,Premier League,Joe Ledley,Barclays Premier League,ENG,J. Ledley,45409
Ryan Ledson,England,Ryan,Ledson,Premier League,Ryan Ledson,Barclays Premier League,ENG,R. Ledson,194119
Elliot Lee,England,Elliot,Lee,Premier League,Elliot Lee,Barclays Premier League,ENG,E. Lee,26614
Aaron Lennon,England,Aaron,Lennon,Premier League,Aaron Lennon,Barclays Premier League,ENG,A. Lennon,35866
Joleon Lescott,England,Joleon,Lescott,Premier League,Joleon Lescott,Barclays Premier League,ENG,J. Lescott,5355
Anders Lindegaard,England,Anders,Lindegaard,Premier League,Anders Lindegaard,Barclays Premier League,ENG,A. Lindegaard,82967
Jesse Lingard,England,Jesse,Lingard,Premier League,Jesse Lingard,Barclays Premier League,ENG,J. Lingard,169136
Jake Livermore,England,Jake,Livermore,Premier League,Jake Livermore,Barclays Premier League,ENG,J. Livermore,111336
Sebastian Lletget,England,Sebastian,Lletget,Premier League,Sebastian Lletget,Barclays Premier League,ENG,S. Lletget,180955
Hugo Lloris,England,Hugo,Lloris,Premier League,Hugo Lloris,Barclays Premier League,ENG,H. Lloris,43372
Kevin Long,England,Kevin,Long,Premier League,Kevin Long,Barclays Premier League,ENG,K. Long,140531
Shane Long,England,Shane,Long,Premier League,Shane Long,Barclays Premier League,ENG,S. Long,127978
Dejan Lovren,England,Dejan,Lovren,Premier League,Dejan Lovren,Barclays Premier League,ENG,D. Lovren,123560
Matthew Lowton,England,Matthew,Lowton,Premier League,Matthew Lowton,Barclays Premier League,ENG,M. Lowton,145738
Romelu Lukaku,England,Romelu,Lukaku,Premier League,Romelu Lukaku,Barclays Premier League,ENG,R. Lukaku,139437
Matthew Macey,England,Matthew,Macey,Premier League,Matthew Macey,Barclays Premier League,ENG,M. Macey,214199
Harry Maguire,England,Harry,Maguire,Premier League,Harry Maguire,Barclays Premier League,ENG,H. Maguire,157073
Riyad Mahrez,England,Riyad,Mahrez,Premier League,Riyad Mahrez,Barclays Premier League,ENG,R. Mahrez,163940
Ainsley Maitland-Niles,England,Ainsley,Maitland-Niles,Premier League,Ainsley Maitland-Niles,Barclays Premier League,ENG,A. Maitland-Niles,214402
Sadio Mane,England,Sadio,Mane,Premier League,Sadio Mane,Barclays Premier League,ENG,S. Mane,169797
Eliaquim Mangala,England,Eliaquim,Mangala,Premier League,Eliaquim Mangala,Barclays Premier League,ENG,E. Mangala,127479
Vito Mannone,England,Vito,Mannone,Premier League,Vito Mannone,Barclays Premier League,ENG,V. Mannone,85400
Javi Manquillo,England,Javier,Manquillo Gaitán,Premier League,Javier Manquillo Gaitán,Barclays Premier League,ENG,J. Manquillo Gaitán,169220
Adrian Mariappa,England,Adrian,Mariappa,Premier League,Adrian Mariappa,Barclays Premier League,ENG,A. Mariappa,62131
Lazar Markovic,England,Lazar,Markovic,Premier League,Lazar Markovic,Barclays Premier League,ENG,L. Markovic,165218
Dean Marney,England,Dean,Marney,Premier League,Dean Marney,Barclays Premier League,ENG,D. Marney,28710
Emiliano Martinez,England,Damian,Martinez,Premier League,Damian Emiliano  Martinez,Barclays Premier League,ENG,D. Martinez,158626
Ryan Mason,England,Ryan,Mason,Premier League,Ryan Glen Mason,Barclays Premier League,ENG,R. Mason,129670
Juan Mata,England,Juan,Mata,Premier League,Juan Manuel Garcia Mata,Barclays Premier League,ENG,J. Mata,103025
Nemanja Matic,England,Nemanja,Matic,Premier League,Nemanja Matic,Barclays Premier League,ENG,N. Matic,135743
Charalampos Mavrias,England,Charalampos,Mavrias,Premier League,Charalampos Mavrias,Barclays Premier League,ENG,C. Mavrias,152193
Emmanuel Mayuka,England,Emmanuel,Mayuka,Premier League,Emmanuel Mayuka,Barclays Premier League,ENG,E. Mayuka,178245
James McArthur,England,James,McArthur,Premier League,James McArthur,Barclays Premier League,ENG,J. McArthur,46963
Gareth McAuley,England,Gareth,McAuley,Premier League,Gareth McAuley,Barclays Premier League,ENG,G. McAuley,32588
Alex McCarthy,England,Alex,McCarthy,Premier League,Alex McCarthy,Barclays Premier League,ENG,A. McCarthy,107542
James McCarthy,England,James,McCarthy,Premier League,James McCarthy,Barclays Premier League,ENG,J. McCarthy,137100
Jason McCarthy,England,Jason,McCarthy,Premier League,Jason McCarthy,Barclays Premier League,ENG,J. McCarthy,194276
Patrick McCarthy,England,Patrick,McCarthy,Premier League,Patrick McCarthy,Barclays Premier League,ENG,P. McCarthy,5032
Aiden McGeady,England,Aiden,McGeady,Premier League,Aiden McGeady,Barclays Premier League,ENG,A. McGeady,86424
Allan McGregor,England,Allan,McGregor,Premier League,Allan McGregor,Barclays Premier League,ENG,A. McGregor,108348
Patrick McNair,England,Patrick,McNair,Premier League,Patrick McNair,Barclays Premier League,ENG,P. McNair,210139
Sam McQueen,England,Sam,McQueen,Premier League,Sam McQueen,Barclays Premier League,ENG,S. McQueen,200846
Paul McShane,England,Paul,McShane,Premier League,Paul McShane,Barclays Premier League,ENG,P. McShane,42732
Benjamin Mee,England,Benjamin,Mee,Premier League,Benjamin Mee,Barclays Premier League,ENG,B. Mee,138159
Per Mertesacker,England,Per,Mertesacker,Premier League,Per Mertesacker,Barclays Premier League,ENG,P. Mertesacker,34041
David Meyler,England,David,Meyler,Premier League,David Meyler,Barclays Premier League,ENG,D. Meyler,121849
Simon Mignolet,England,Simon,Mignolet,Premier League,Simon Mignolet,Barclays Premier League,ENG,S. Mignolet,99829
John Obi Mikel,England,John Obi,Mikel,Premier League,John Obi John Mikel,Barclays Premier League,ENG,J. Mikel,60503
James Milner,England,James,Milner,Premier League,James Milner,Barclays Premier League,ENG,J. Milner,26843
Kevin Mirallas,England,Kevin,Mirallas,Premier League,Kevin Mirallas,Barclays Premier League,ENG,K. Mirallas,161664
Nacho Monreal,England,Nacho,Monreal,Premier League,Nacho Monreal,Barclays Premier League,ENG,N. Monreal,85361
Jefferson Montero,England,Jefferson,Montero,Premier League,Jefferson Montero,Barclays Premier League,ENG,J. Montero,136453
Liam Moore,England,Liam,Moore,Premier League,Liam Moore,Barclays Premier League,ENG,L. Moore,150493
Alberto Moreno,England,Alberto,Moreno,Premier League,Alberto Moreno,Barclays Premier League,ENG,A. Moreno,172998
Wes Morgan,England,Wes,Morgan,Premier League,Wes Morgan,Barclays Premier League,ENG,W. Morgan,31376
James Morrison,England,James,Morrison,Premier League,James Morrison,Barclays Premier League,ENG,J. Morrison,39542
Ravel Morrison,England,Ravel,Morrison,Premier League,Ravel Morrison,Barclays Premier League,ENG,R. Morrison,153297
Victor Moses,England,Victor,Moses,Premier League,Victor Moses,Barclays Premier League,ENG,V. Moses,112547
Youssuf Mulumbu,England,Youssuf,Mulumbu,Premier League,Youssuf Mulumbu,Barclays Premier League,ENG,Y. Mulumbu,88221
Marc Muniesa,England,Marc,Muniesa,Premier League,Marc Muniesa,Barclays Premier League,ENG,M. Muniesa,135405
Brian Murphy,England,Brian,Murphy,Premier League,Brian Murphy,Barclays Premier League,ENG,B. Murphy,5037
Glenn Murray,England,Glenn,Murray,Premier League,Glenn Murray,Barclays Premier League,ENG,G. Murray,46553
Jordon Mutch,England,Jordon,Mutch,Premier League,Jordon Mutch,Barclays Premier League,ENG,J. Mutch,130912
Boaz Myhill,England,Boaz,Myhill,Premier League,Boaz Myhill,Barclays Premier League,ENG,B. Myhill,4680
Charles N'Zogbia,England,Charles,N'Zogbia,Premier League,Charles N'Zogbia,Barclays Premier League,ENG,C. N'Zogbia,44626
Steven Naismith,England,Steven,Naismith,Premier League,Steven Naismith,Barclays Premier League,ENG,S. Naismith,108763
Liam O'Neil,England,Liam,O'Neil,Premier League,Liam O'Neil,Barclays Premier League,ENG,L. O'Neil,164802
John O'Shea,England,John,O'Shea,Premier League,John O'Shea,Barclays Premier League,ENG,J. O'Shea,7624
Gabriel Obertan,England,Gabriel,Obertan,Premier League,Gabriel Obertan,Barclays Premier League,ENG,G. Obertan,86215
Peter Odemwingie,England,Peter,Odemwingie,Premier League,Peter Odemwingie,Barclays Premier League,ENG,P. Odemwingie,69453
Jores Okore,England,Jores,Okore,Premier League,Jores Okore,Barclays Premier League,ENG,J. Okore,157389
Anderson,England,Anderson,Oliveira,Premier League,Anderson Oliveira,Barclays Premier League,ENG,A. Oliveira,88360
Jonas Olsson,England,Jonas,Olsson,Premier League,Jonas Olsson,Barclays Premier League,ENG,J. Olsson,67860
Nedum Onuoha,England,Nedum,Onuoha,Premier League,Nedum Onuoha,Barclays Premier League,ENG,N. Onuoha,45836
Leon Osman,England,Leon,Osman,Premier League,Leon Osman,Barclays Premier League,ENG,L. Osman,7709
David Ospina,England,David,Ospina,Premier League,David Ospina,Barclays Premier League,ENG,D. Ospina,121842
Bryan Oviedo,England,Bryan,Oviedo,Premier League,Bryan Oviedo,Barclays Premier League,ENG,B. Oviedo,147197
Alex Oxlade-Chamberlain,England,Alex,Oxlade-Chamberlain,Premier League,Alex Oxlade-Chamberlain,Barclays Premier League,ENG,A. Oxlade-Chamberlain,145392
Costel Pantilimon,England,Costel,Pantilimon,Premier League,Costel Pantilimon,Barclays Premier League,ENG,C. Pantilimon,126727
Graziano Pelle,England,Graziano,Pelle,Premier League,Graziano Pelle,Barclays Premier League,ENG,G. Pelle,40846
Andreas Pereira,England,Andreas,Pereira,Premier League,Andreas Pereira,Barclays Premier League,ENG,A. Pereira,210143
Lucas,England,Lucas,Pezzini-Leiva,Premier League,Lucas Pezzini-Leiva,Barclays Premier League,ENG,L. Pezzini-Leiva,108315
Matthew Phillips,England,Matthew,Phillips,Premier League,Matthew Phillips,Barclays Premier League,ENG,M. Phillips,119004
Steven Pienaar,England,Steven,Pienaar,Premier League,Steven Pienaar,Barclays Premier League,ENG,S. Pienaar,19544
Erik Pieters,England,Erik,Pieters,Premier League,Erik Pieters,Barclays Premier League,ENG,E. Pieters,124890
Sébastien Pocognoli,England,Sébastien,Pocognoli,Premier League,Sébastien Pocognoli,Barclays Premier League,ENG,S. Pocognoli,125299
Lukas Podolski,England,Lukas,Podolski,Premier League,Lukas Podolski,Barclays Premier League,ENG,L. Podolski,39759
Nick Powell,England,Nick,Powell,Premier League,Nick Powell,Barclays Premier League,ENG,N. Powell,150469
Diego Poyet,England,Diego,Poyet,Premier League,Diego Poyet,Barclays Premier League,ENG,D. Poyet,191606
Jose Pozos,England,Jose,Pozos,Premier League,Jose Pozos,Barclays Premier League,ENG,J. Pozos,178838
Jason Puncheon,England,Jason,Puncheon,Premier League,Jason Puncheon,Barclays Premier League,ENG,J. Puncheon,42019
Ayoze Pérez,England,Ayoze,Pérez Gutiérrez,Premier League,Ayoze Pérez Gutiérrez,Barclays Premier League,ENG,A. Pérez Gutiérrez,192133
Stephen Quinn,England,Stephen,Quinn,Premier League,Stephen Quinn,Barclays Premier League,ENG,S. Quinn,65473
Aaron Ramsey,England,Aaron,Ramsey,Premier League,Aaron Ramsey,Barclays Premier League,ENG,A. Ramsey,98681
Gastón Ramírez,England,Gastón,Ramírez,Premier League,Gastón Ramírez,Barclays Premier League,ENG,G. Ramírez,130591
Angel Rangel,England,Angel,Rangel,Premier League,Angel Rangel,Barclays Premier League,ENG,A. Rangel,102588
Harrison Reed,England,Harrison,Reed,Premier League,Harrison Reed,Barclays Premier League,ENG,H. Reed,193246
Fernando,England,Fernando,Reges,Premier League,Fernando Francisco Reges,Barclays Premier League,ENG,F. Reges,124066
Steven Reid,England,Steven,Reid,Premier League,Steven Reid,Barclays Premier League,ENG,S. Reid,5081
Winston Reid,England,Winston,Reid,Premier League,Winston Reid,Barclays Premier League,ENG,W. Reid,99875
Anthony Reveillere,England,Anthony,Reveillere,Premier League,Anthony Reveillere,Barclays Premier League,ENG,A. Reveillere,30075
Ashley Richards,England,Ashley,Richards,Premier League,Ashley Richards,Barclays Premier League,ENG,A. Richards,132635
Kieran Richardson,England,Kieran,Richardson,Premier League,Kieran Richardson,Barclays Premier League,ENG,K. Richardson,23139
Emmanuel Riviere,England,Emmanuel,Riviere,Premier League,Emmanuel Riviere,Barclays Premier League,ENG,E. Riviere,107033
Valentin Roberge,England,Valentin,Roberge,Premier League,Valentin Roberge,Barclays Premier League,ENG,V. Roberge,149625
Andrew Robertson,England,Andrew,Robertson,Premier League,Andrew Robertson,Barclays Premier League,ENG,A. Robertson,104943
Joel Robles,England,Joel,Robles,Premier League,Joel Robles,Barclays Premier League,ENG,J. Robles,141624
Thomas Robson,England,Thomas,Robson,Premier League,Thomas Robson,Barclays Premier League,ENG,T. Robson,213552
Jack Rodwell,England,Jack,Rodwell,Premier League,Jack Rodwell,Barclays Premier League,ENG,J. Rodwell,112092
Marcos Rojo,England,Marcos,Rojo,Premier League,Marcos Rojo,Barclays Premier League,ENG,M. Rojo,129426
Wayne Rooney,England,Wayne,Rooney,Premier League,Wayne Rooney,Barclays Premier League,ENG,W. Rooney,21046
Fernandinho,England,Fernandinho,Rosa,Premier League,Fernandinho Rosa,Barclays Premier League,ENG,F. Rosa,178486
Danny Rose,England,Danny,Rose,Premier League,Danny Rose,Barclays Premier League,ENG,D. Rose,104991
Liam Rosenior,England,Liam,Rosenior,Premier League,Liam Rosenior,Barclays Premier League,ENG,L. Rosenior,133897
Tomas Rosicky,England,Tomas,Rosicky,Premier League,Tomas Rosicky,Barclays Premier League,ENG,T. Rosicky,10726
Wayne Routledge,England,Wayne,Routledge,Premier League,Wayne Routledge,Barclays Premier League,ENG,W. Routledge,16155
Andrew Robertson,England,Andrew,Robertson,Premier League,Andrew Robertson,Barclays Premier League,ENG,A. Robertson,104943
Callum Robinson,England,Callum,Robinson,Premier League,Callum Robinson,Barclays Premier League,ENG,C. Robinson,194272
Joel Robles,England,Joel,Robles,Premier League,Joel Robles,Barclays Premier League,ENG,J. Robles,141624
Thomas Robson,England,Thomas,Robson,Premier League,Thomas Robson,Barclays Premier League,ENG,T. Robson,213552
Jack Rodwell,England,Jack,Rodwell,Premier League,Jack Rodwell,Barclays Premier League,ENG,J. Rodwell,112092
Marcos Rojo,England,Marcos,Rojo,Premier League,Marcos Rojo,Barclays Premier League,ENG,M. Rojo,129426
Wayne Rooney,England,Wayne,Rooney,Premier League,Wayne Rooney,Barclays Premier League,ENG,W. Rooney,21046
Fernandinho,England,Fernandinho,Rosa,Premier League,Fernandinho Rosa,Barclays Premier League,ENG,F. Rosa,178486
Danny Rose,England,Danny,Rose,Premier League,Danny Rose,Barclays Premier League,ENG,D. Rose,104991
Liam Rosenior,England,Liam,Rosenior,Premier League,Liam Rosenior,Barclays Premier League,ENG,L. Rosenior,133897
Tomas Rosicky,England,Tomas,Rosicky,Premier League,Tomas Rosicky,Barclays Premier League,ENG,T. Rosicky,10726
Wayne Routledge,England,Wayne,Routledge,Premier League,Wayne Routledge,Barclays Premier League,ENG,W. Routledge,16155
Loïc Rémy,England,Loïc,Rémy,Premier League,Loïc Rémy,Barclays Premier League,ENG,L. Rémy,84886
Yannick Sagbo,England,Yannick,Sagbo,Premier League,Yannick Sagbo,Barclays Premier League,ENG,Y. Sagbo,120949
Bacary Sagna,England,Bacary,Sagna,Premier League,Bacary Sagna,Barclays Premier League,ENG,B. Sagna,38880
Diafra Sakho,England,Diafra,Sakho,Premier League,Diafra Sakho,Barclays Premier League,ENG,D. Sakho,138561
Mamadou Sakho,England,Mamadou,Sakho,Premier League,Mamadou Sakho,Barclays Premier League,ENG,M. Sakho,96162
Mohamed Salah,England,Mohamed,Salah,Premier League,Mohamed Ghaly Salah,Barclays Premier League,ENG,M. Salah,173896
Giorgos Samaras,England,Giorgos,Samaras,Premier League,Giorgos Samaras,Barclays Premier League,ENG,G. Samaras,26416
Adrián,England,Adrián,San Miguel del Castillo,Premier League,Adrián San Miguel del Castillo,Barclays Premier League,ENG,A. San Miguel del Castillo,134230
Yaya Sanogo,England,Yaya,Sanogo,Premier League,Yaya Sanogo,Barclays Premier League,ENG,Y. Sanogo,144279
Ramires,England,Ramires,Santos do Nascimento,Premier League,Ramires Santos do Nascimento,Barclays Premier League,ENG,R. Santos do Nascimento,99025
Jefferey Schlupp,England,Jefferey,Schlupp,Premier League,Jefferey Schlupp,Barclays Premier League,ENG,J. Schlupp,205646
Kasper Schmeichel,England,Kasper,Schmeichel,Premier League,Kasper Schmeichel,Barclays Premier League,ENG,K. Schmeichel,40200
Morgan Schneiderlin,England,Morgan,Schneiderlin,Premier League,Morgan Schneiderlin,Barclays Premier League,ENG,M. Schneiderlin,101461
André Schürrle,England,André,Schürrle,Premier League,André Schürrle,Barclays Premier League,ENG,A. Schürrle,136580
Philippe Senderos,England,Philippe,Senderos,Premier League,Philippe Senderos,Barclays Premier League,ENG,P. Senderos,19435
Stephane Sessegnon,England,Stephane,Sessegnon,Premier League,Stephane Sessegnon,Barclays Premier League,ENG,S. Sessegnon,85095
Jason Shackell,England,Jason,Shackell,Premier League,Jason Shackell,Barclays Premier League,ENG,J. Shackell,31664
Luke Shaw,England,Luke,Shaw,Premier League,Luke Shaw,Barclays Premier League,ENG,L. Shaw,167127
Ryan Shawcross,England,Ryan,Shawcross,Premier League,Ryan Shawcross,Barclays Premier League,ENG,R. Shawcross,89557
Josh Sheehan,England,Josh,Sheehan,Premier League,Josh Sheehan,Barclays Premier League,ENG,J. Sheehan,187177
Jonjo Shelvey,England,Jonjo,Shelvey,Premier League,Jonjo Shelvey,Barclays Premier League,ENG,J. Shelvey,119005
Oliver Shenton,England,Oliver,Shenton,Premier League,Oliver Shenton,Barclays Premier League,ENG,O. Shenton,210175
Liam Shephard,England,Liam,Shephard,Premier League,Liam Shephard,Barclays Premier League,ENG,L. Shephard,192654
Steve Sidwell,England,Steve,Sidwell,Premier League,Steve Sidwell,Barclays Premier League,ENG,S. Sidwell,15820
Gylfi Sigurdsson,England,Gylfi,Sigurdsson,Premier League,Gylfi Sigurdsson,Barclays Premier League,ENG,G. Sigurdsson,121910
David Silva,England,David,Silva,Premier League,David Jimenez Silva,Barclays Premier League,ENG,D. Silva,43815
Danny Simpson,England,Danny,Simpson,Premier League,Danny Simpson,Barclays Premier League,ENG,D. Simpson,83177
Scott Sinclair,England,Scott,Sinclair,Premier League,Scott Sinclair,Barclays Premier League,ENG,S. Sinclair,46565
Moussa Sissoko,England,Moussa,Sissoko,Premier League,Moussa Sissoko,Barclays Premier League,ENG,M. Sissoko,104658
Martin Skrtel,England,Martin,Skrtel,Premier League,Martin Skrtel,Barclays Premier League,ENG,M. Skrtel,45606
Chris Smalling,England,Chris,Smalling,Premier League,Chris Smalling,Barclays Premier League,ENG,C. Smalling,123605
Adam Smith,England,Adam,Smith,Premier League,Adam Smith,Barclays Premier League,ENG,A. Smith,157858
Robert Snodgrass,England,Robert,Snodgrass,Premier League,Robert Snodgrass,Barclays Premier League,ENG,R. Snodgrass,156085
Dominic Solanke,England,Dominic,Solanke,Premier League,Dominic Solanke,Barclays Premier League,ENG,D. Solanke,194115
Roberto Soldado,England,Roberto,Soldado,Premier League,Roberto Soldado,Barclays Premier League,ENG,R. Soldado,42042
Alex Song,England,Alex,Song,Premier League,Alex Song,Barclays Premier League,ENG,A. Song,43447
Marvin Sordell,England,Marvin,Sordell,Premier League,Marvin Sordell,Barclays Premier League,ENG,M. Sordell,127138
Thomas Sorensen,England,Thomas,Sorensen,Premier League,Thomas Sorensen,Barclays Premier League,ENG,T. Sorensen,8067
Benjamin Stambouli,England,Benjamin,Stambouli,Premier League,Benjamin Stambouli,Barclays Premier League,ENG,B. Stambouli,144280
Jack Stephens,England,Jack,Stephens,Premier League,Jack Stephens,Barclays Premier League,ENG,J. Stephens,152475
Raheem Sterling,England,Raheem,Sterling,Premier League,Raheem Sterling,Barclays Premier League,ENG,R. Sterling,156366
John Stones,England,John,Stones,Premier League,John Stones,Barclays Premier League,ENG,J. Stones,157974
Remie Streete,England,Remie,Streete,Premier League,Remie Streete,Barclays Premier League,ENG,R. Streete,181391
Daniel Sturridge,England,Daniel,Sturridge,Premier League,Daniel Sturridge,Barclays Premier League,ENG,D. Sturridge,85291
Yun Suk-Young,England,Yun,Suk-Young,Premier League,Yun Suk-Young,Barclays Premier League,ENG,Y. Suk-Young,175140
Ki Sung-Yeung,England,Ki,Sung-Yeung,Premier League,Ki Sung-Yeung,Barclays Premier League,ENG,K. Sung-Yeung,122608
Wojciech Szczesny,England,Wojciech,Szczesny,Premier League,Wojciech Szczesny,Barclays Premier League,ENG,W. Szczesny,131634
Alexis Sánchez,England,Alexis,Sánchez,Premier League,Alexis Sánchez,Barclays Premier League,ENG,A. Sánchez,92055
Carlos Sánchez,England,Carlos,Sánchez,Premier League,Carlos Sánchez,Barclays Premier League,ENG,C. Sánchez,101471
José Enrique,England,José,Sánchez Díaz,Premier League,José Enrique Sánchez Díaz,Barclays Premier League,ENG,J. Sánchez Díaz,68594
Adel Taarabt,England,Adel,Taarabt,Premier League,Adel Taarabt,Barclays Premier League,ENG,A. Taarabt,87623
Dusan Tadic,England,Dusan,Tadic,Premier League,Dusan Tadic,Barclays Premier League,ENG,D. Tadic,122575
Matt Targett,England,Matt,Targett,Premier League,Matt Targett,Barclays Premier League,ENG,M. Targett,192929
Cabral,England,Adilson Cabral,Tavares Varela,Premier League,Adilson Cabral Tavares Varela,Barclays Premier League,ENG,A. Tavares Varela,125941
Matthew Taylor,England,Matthew,Taylor,Premier League,Matthew Taylor,Barclays Premier League,ENG,M. Taylor,6136
Neil Taylor,England,Neil,Taylor,Premier League,Neil Taylor,Barclays Premier League,ENG,N. Taylor,107571
Ryan Taylor,England,Ryan,Taylor,Premier League,Ryan Taylor,Barclays Premier League,ENG,R. Taylor,16216
Steven Taylor,England,Steven,Taylor,Premier League,Steven Taylor,Barclays Premier League,ENG,S. Taylor,17812
Gary Taylor-Fletcher,England,Gary,Taylor-Fletcher,Premier League,Gary Taylor-Fletcher,Barclays Premier League,ENG,G. Taylor-Fletcher,6190
Saphir Taïder,England,Saphir,Taïder,Premier League,Saphir Taïder,Barclays Premier League,ENG,S. Taïder,146636
Dionatan Teixeira,England,Dionatan,Teixeira,Premier League,Dionatan do Nascimento Teixeira,Barclays Premier League,ENG,D. Teixeira,205604
John Terry,England,John,Terry,Premier League,John Terry,Barclays Premier League,ENG,J. Terry,8931
Jerome Thomas,England,Jerome,Thomas,Premier League,Jerome Thomas,Barclays Premier League,ENG,J. Thomas,16703
Tom Thorpe,England,Tom,Thorpe,Premier League,Tom Thorpe,Barclays Premier League,ENG,T. Thorpe,167117
Dwight Tiendalli,England,Dwight,Tiendalli,Premier League,Dwight Tiendalli,Barclays Premier League,ENG,D. Tiendalli,46034
Ismael Tioté,England,Ismael,Tioté,Premier League,Ismael Tioté,Barclays Premier League,ENG,I. Tioté,73076
James Tomkins,England,James,Tomkins,Premier League,James Tomkins,Barclays Premier League,ENG,J. Tomkins,104917
Fernando Torres,England,Fernando,Torres,Premier League,Fernando Torres,Barclays Premier League,ENG,F. Torres,24257
Kolo Touré,England,Kolo,Touré,Premier League,Kolo Touré,Barclays Premier League,ENG,K. Touré,23601
Yaya Touré,England,Yaya,Touré,Premier League,Yaya Touré,Barclays Premier League,ENG,Y. Touré,69277
Andros Townsend,England,Andros,Townsend,Premier League,Andros Townsend,Barclays Premier League,ENG,A. Townsend,132432
Armand Traore,England,Armand,Traore,Premier League,Armand Traore,Barclays Premier League,ENG,A. Traore,89374
Gerhard Tremmel,England,Gerhard,Tremmel,Premier League,Gerhard Tremmel,Barclays Premier League,ENG,G. Tremmel,84678
Kieran Trippier,England,Kieran,Trippier,Premier League,Kieran Trippier,Barclays Premier League,ENG,K. Trippier,143637
Leonardo Ulloa,England,José,Ulloa,Premier League,José Leonardo Ulloa,Barclays Premier League,ENG,J. Ulloa,67327
Antonio Valencia,England,Antonio,Valencia,Premier League,Antonio Valencia,Barclays Premier League,ENG,A. Valencia,65629
Enner Valencia,England,Enner,Valencia,Premier League,Enner Valencia,Barclays Premier League,ENG,E. Valencia,171771
Patrick Van Aanholt,England,Patrick,Van Aanholt,Premier League,Patrick Van Aanholt,Barclays Premier League,ENG,P. Van Aanholt,138746
Robin van Persie,England,Robin,van Persie,Premier League,Robin van Persie,Barclays Premier League,ENG,R. van Persie,18858
Jamie Vardy,England,Jamie,Vardy,Premier League,Jamie Vardy,Barclays Premier League,ENG,J. Vardy,165648
Eduardo Vargas,England,Eduardo,Vargas,Premier League,Eduardo Vargas,Barclays Premier League,ENG,E. Vargas,169773
Ricardo Vaz Te,England,Ricardo,Vaz Te,Premier League,Ricardo Vaz Te,Barclays Premier League,ENG,R. Vaz Te,101268
Santiago Vergini,England,Santiago,Vergini,Premier League,Santiago Vergini,Barclays Premier League,ENG,S. Vergini,140902
Marnick Vermijl,England,Marnick,Vermijl,Premier League,Marnick Vermijl,Barclays Premier League,ENG,M. Vermijl,168255
Jan Vertonghen,England,Jan,Vertonghen,Premier League,Jan Vertonghen,Barclays Premier League,ENG,J. Vertonghen,125086
Ron Vlaar,England,Ron,Vlaar,Premier League,Ron Vlaar,Barclays Premier League,ENG,R. Vlaar,127433
Michel Vorm,England,Michel,Vorm,Premier League,Michel Vorm,Barclays Premier League,ENG,M. Vorm,19705
Theo Walcott,England,Theo,Walcott,Premier League,Theo Walcott,Barclays Premier League,ENG,T. Walcott,67507
Jonathan Walters,England,Jonathan,Walters,Premier League,Jonathan Walters,Barclays Premier League,ENG,J. Walters,23770
Victor Wanyama,England,Victor,Wanyama,Premier League,Victor Wanyama,Barclays Premier League,ENG,V. Wanyama,139703
Joel Ward,England,Joel,Ward,Premier League,Joel Ward,Barclays Premier League,ENG,J. Ward,136571
Stephen Ward,England,Stephen,Ward,Premier League,Stephen Ward,Barclays Premier League,ENG,S. Ward,94701
James Ward-Prowse,England,James,Ward-Prowse,Premier League,James Ward-Prowse,Barclays Premier League,ENG,J. Ward-Prowse,163111
Marcin Wasilewski,England,Marcin,Wasilewski,Premier League,Marcin Wasilewski,Barclays Premier League,ENG,M. Wasilewski,32061
Rory Watson,England,Rory,Watson,Premier League,Rory Watson,Barclays Premier League,ENG,R. Watson,213218
Andreas Weimann,England,Andreas,Weimann,Premier League,Andreas Weimann,Barclays Premier League,ENG,A. Weimann,138905
Danny Welbeck,England,Danny,Welbeck,Premier League,Danny Welbeck,Barclays Premier League,ENG,D. Welbeck,115271
Ashley Westwood,England,Ashley,Westwood,Premier League,Ashley Westwood,Barclays Premier League,ENG,A. Westwood,7567
Glenn Whelan,England,Glenn,Whelan,Premier League,Glenn Whelan,Barclays Premier League,ENG,G. Whelan,5026
Connor Wickham,England,Connor,Wickham,Premier League,Connor Wickham,Barclays Premier League,ENG,C. Wickham,130189
Ashley Williams,England,Ashley,Williams,Premier League,Ashley Williams,Barclays Premier League,ENG,A. Williams,129481
Jonathan Williams,England,Jonathan,Williams,Premier League,Jonathan Williams,Barclays Premier League,ENG,J. Williams,24675
Michael Williamson,England,Michael,Williamson,Premier League,Michael Williamson,Barclays Premier League,ENG,M. Williamson,37569
Jack Wilshere,England,Jack,Wilshere,Premier League,Jack Wilshere,Barclays Premier League,ENG,J. Wilshere,122089
James Wilson,England,James,Wilson,Premier League,James Wilson,Barclays Premier League,ENG,J. Wilson,202808
Marc Wilson,England,Marc,Wilson,Premier League,Marc Wilson,Barclays Premier League,ENG,M. Wilson,77070
Andre Wisdom,England,Andre,Wisdom,Premier League,Andre Wisdom,Barclays Premier League,ENG,A. Wisdom,152596
Chris Wood,England,Chris,Wood,Premier League,Chris Wood,Barclays Premier League,ENG,C. Wood,134190
Shaun Wright-Phillips,England,Shaun,Wright-Phillips,Premier League,Shaun Wright-Phillips,Barclays Premier League,ENG,S. Wright-Phillips,5030
Claudio Yacob,England,Claudio,Yacob,Premier League,Claudio Yacob,Barclays Premier League,ENG,C. Yacob,92080
Maya Yoshida,England,Maya,Yoshida,Premier League,Maya Yoshida,Barclays Premier League,ENG,M. Yoshida,105803
Ashley Young,England,Ashley,Young,Premier League,Ashley Young,Barclays Premier League,ENG,A. Young,31810
Pablo Zabaleta,England,Pablo,Zabaleta,Premier League,Pablo Zabaleta,Barclays Premier League,ENG,P. Zabaleta,68058
Wilfried Zaha,England,Wilfried,Zaha,Premier League,Wilfried Zaha,Barclays Premier League,ENG,W. Zaha,146324
Bobby Zamora,England,Bobby,Zamora,Premier League,Bobby Zamora,Barclays Premier League,ENG,B. Zamora,5500
Kurt Zouma,England,Kurt,Zouma,Premier League,Kurt Zouma,Barclays Premier League,ENG,K. Zouma,159319
Mauro Zárate,England,Mauro,Zárate,Premier League,Mauro Zárate,Barclays Premier League,ENG,M. Zárate,69133
Ricardo Álvarez,England,Ricardo,Álvarez,Premier League,Ricardo Álvarez,Barclays Premier League,ENG,R. Álvarez,161562
Mesut Özil,England,Mesut,Özil,Premier League,Mesut Özil,Barclays Premier League,ENG,M. Özil,84775
Nani,England,Nani,,Premier League,,Barclays Premier League,ENG,Nani,67716
John Swift,England,John,Swift,Premier League,John Swift,Barclays Premier League,ENG,J. Swift,4775
Wojciech Szczesny,England,Wojciech,Szczesny,Premier League,Wojciech Szczesny,Barclays Premier League,ENG,W. Szczesny,131634
Alexis Sánchez,England,Alexis,Sánchez,Premier League,Alexis Sánchez,Barclays Premier League,ENG,A. Sánchez,92055
José Enrique,England,José,Sánchez Díaz,Premier League,José Enrique Sánchez Díaz,Barclays Premier League,ENG,J. Sánchez Díaz,68594
Adel Taarabt,England,Adel,Taarabt,Premier League,Adel Taarabt,Barclays Premier League,ENG,A. Taarabt,87623
Dusan Tadic,England,Dusan,Tadic,Premier League,Dusan Tadic,Barclays Premier League,ENG,D. Tadic,122575
Alan Tate,England,Alan,Tate,Premier League,Alan Tate,Barclays Premier League,ENG,A. Tate,16380
Cabral,England,Adilson Cabral,Tavares Varela,Premier League,Adilson Cabral Tavares Varela,Barclays Premier League,ENG,A. Tavares Varela,125941
Matthew Taylor,England,Matthew,Taylor,Premier League,Matthew Taylor,Barclays Premier League,ENG,M. Taylor,6136
Neil Taylor,England,Neil,Taylor,Premier League,Neil Taylor,Barclays Premier League,ENG,N. Taylor,107571
Ryan Taylor,England,Ryan,Taylor,Premier League,Ryan Taylor,Barclays Premier League,ENG,R. Taylor,16216
Steven Taylor,England,Steven,Taylor,Premier League,Steven Taylor,Barclays Premier League,ENG,S. Taylor,17812
Gary Taylor-Fletcher,England,Gary,Taylor-Fletcher,Premier League,Gary Taylor-Fletcher,Barclays Premier League,ENG,G. Taylor-Fletcher,6190
Dionatan do Nascimento Teixeira,England,Dionatan,Teixeira,Premier League,Dionatan do Nascimento Teixeira,Barclays Premier League,ENG,D. Teixeira,205604
John Terry,England,John,Terry,Premier League,John Terry,Barclays Premier League,ENG,J. Terry,8931
Jerome Thomas,England,Jerome,Thomas,Premier League,Jerome Thomas,Barclays Premier League,ENG,J. Thomas,16703
Dwight Tiendalli,England,Dwight,Tiendalli,Premier League,Dwight Tiendalli,Barclays Premier League,ENG,D. Tiendalli,46034
Ismael Tioté,England,Ismael,Tioté,Premier League,Ismael Tioté,Barclays Premier League,ENG,I. Tioté,73076
James Tomkins,England,James,Tomkins,Premier League,James Tomkins,Barclays Premier League,ENG,J. Tomkins,104917
Aleksandar Tonev,England,Aleksandar,Tonev,Premier League,Aleksandar Tonev,Barclays Premier League,ENG,A. Tonev,149910
Fernando Torres,England,Fernando,Torres,Premier League,Fernando Torres,Barclays Premier League,ENG,F. Torres,24257
Kolo Touré,England,Kolo,Touré,Premier League,Kolo Touré,Barclays Premier League,ENG,K. Touré,23601
Yaya Touré,England,Yaya,Touré,Premier League,Yaya Touré,Barclays Premier League,ENG,Y. Touré,69277
Andros Townsend,England,Andros,Townsend,Premier League,Andros Townsend,Barclays Premier League,ENG,A. Townsend,132432
Conor Townsend,England,Conor,Townsend,Premier League,Conor Townsend,Barclays Premier League,ENG,C. Townsend,168309
Armand Traore,England,Armand,Traore,Premier League,Armand Traore,Barclays Premier League,ENG,A. Traore,89374
Gerhard Tremmel,England,Gerhard,Tremmel,Premier League,Gerhard Tremmel,Barclays Premier League,ENG,G. Tremmel,84678
Keiran Trippier,England,Keiran,Trippier,Premier League,Keiran Trippier,Barclays Premier League,ENG,K. Trippier,143637
José Ulloa,England,José,Ulloa,Premier League,José Leonardo Ulloa,Barclays Premier League,ENG,J. Ulloa,67327
Matthew Upson,England,Matthew,Upson,Premier League,Matthew Upson,Barclays Premier League,ENG,M. Upson,8046
Antonio Valencia,England,Antonio,Valencia,Premier League,Antonio Valencia,Barclays Premier League,ENG,A. Valencia,65629
Enner Valencia,England,Enner,Valencia,Premier League,Enner Valencia,Barclays Premier League,ENG,E. Valencia,171771
Patrick Van Aanholt,England,Patrick,Van Aanholt,Premier League,Patrick Van Aanholt,Barclays Premier League,ENG,P. Van Aanholt,138746
Marco van Ginkel,England,Marco,van Ginkel,Premier League,Marco van Ginkel,Barclays Premier League,ENG,M. van Ginkel,146519
Robin van Persie,England,Robin,van Persie,Premier League,Robin van Persie,Barclays Premier League,ENG,R. van Persie,18858
Jamie Vardy,England,Jamie,Vardy,Premier League,Jamie Vardy,Barclays Premier League,ENG,J. Vardy,165648
Gullermo Varela,England,Gullermo,Varela,Premier League,Gullermo Varela,Barclays Premier League,ENG,G. Varela,188368
Ricardo Vaz Te,England,Ricardo,Vaz Te,Premier League,Ricardo Vaz Te,Barclays Premier League,ENG,R. Vaz Te,101268
Milos Veljkovic,England,Milos,Veljkovic,Premier League,Milos Veljkovic,Barclays Premier League,ENG,M. Veljkovic,197342
Thomas Vermaelen,England,Thomas,Vermaelen,Premier League,Thomas Vermaelen,Barclays Premier League,ENG,T. Vermaelen,40543
Jan Vertonghen,England,Jan,Vertonghen,Premier League,Jan Vertonghen,Barclays Premier League,ENG,J. Vertonghen,125086
João Carlos,England,,Vilaça Teixeira,Premier League, Vilaça Teixeira,Barclays Premier League,ENG,Vilaça Teixeira,169318
Ron Vlaar,England,Ron,Vlaar,Premier League,Ron Vlaar,Barclays Premier League,ENG,R. Vlaar,127433
Sam Vokes,England,Sam,Vokes,Premier League,Sam Vokes,Barclays Premier League,ENG,S. Vokes,93365
Michel Vorm,England,Michel,Vorm,Premier League,Michel Vorm,Barclays Premier League,ENG,M. Vorm,19705
Haris Vuckic,England,Haris,Vuckic,Premier League,Haris Vuckic,Barclays Premier League,ENG,H. Vuckic,130526
Theo Walcott,England,Theo,Walcott,Premier League,Theo Walcott,Barclays Premier League,ENG,T. Walcott,67507
Kyle Walker,England,Kyle,Walker,Premier League,Kyle Walker,Barclays Premier League,ENG,K. Walker,129358
Ross Wallace,England,Ross,Wallace,Premier League,Ross Wallace,Barclays Premier League,ENG,R. Wallace,21486
Jonathan Walters,England,Jonathan,Walters,Premier League,Jonathan Walters,Barclays Premier League,ENG,J. Walters,23770
Pablo Zabaleta,England,Pablo,Zabaleta,Premier League,Pablo Zabaleta,Barclays Premier League,ENG,P. Zabaleta,68058
Gregor Zabret,England,Gregor,Zabret,Premier League,Gregor Zabret,Barclays Premier League,ENG,G. Zabret,188337
Wilfried Zaha,England,Wilfried,Zaha,Premier League,Wilfried Zaha,Barclays Premier League,ENG,W. Zaha,146324
Bobby Zamora,England,Bobby,Zamora,Premier League,Bobby Zamora,Barclays Premier League,ENG,B. Zamora,5500
Gideon Zelalem,England,Gideon,Zelalem,Premier League,Gideon Zelalem,Barclays Premier League,ENG,G. Zelalem,192048
Kurt Zouma,England,Kurt,Zouma,Premier League,Kurt Zouma,Barclays Premier League,ENG,K. Zouma,159319
Bruno Zuculini,England,Bruno,Zuculini,Premier League,Bruno Zuculini,Barclays Premier League,ENG,B. Zuculini,144267
Mauro Zárate,England,Mauro,Zárate,Premier League,Mauro Zárate,Barclays Premier League,ENG,M. Zárate,69133
Mesut Özil,England,Mesut,Özil,Premier League,Mesut Özil,Barclays Premier League,ENG,M. Özil,84775
Nani,England,Nani,,Premier League,,Barclays Premier League,ENG,Nani,67716
